PCON24CD,PCON24NM,ParlID,Party,Name,Employment,Employment (£),Donations,Donations (£),Gifts,Gifts (£),Trips,Trips (£)
E14001063,Aldershot,5173,Lab,Alex Baker,0,0,0,0,0,0,0,0
E14001064,Aldridge-Brownhills,4358,Con,Wendy Morton,0,0,1,5000,0,0,3,2252.14
E14001065,Altrincham and Sale West,5159,Lab,Mr Connor Rand,0,0,0,0,1,450,0,0
E14001066,Amber Valley,5107,Lab,Linsey Farnsworth,0,0,0,0,0,0,0,0
E14001067,Arundel and South Downs,4874,Con,Andrew Griffith,0,0,6,50000,3,6250,2,6619
E14001068,Ashfield,4743,RUK,Lee Anderson,2,103693.74,4,18000,1,750,1,1500
E14001069,Ashford,5247,Lab,Sojan Joseph,0,0,0,0,1,352,2,1487.36
E14001070,Ashton-under-Lyne,4356,Lab,Angela Rayner,0,0,2,55000,1,1100,0,0
E14001071,Aylesbury,5341,Lab,Laura Kyrke-Smith,0,0,1,3600,0,0,2,2492.92
E14001072,Banbury,5328,Lab,Sean Woodcock,0,0,0,0,0,0,1,1803.13
E14001073,Barking,5180,Lab,Nesil Caliskan,0,0,0,0,0,0,0,0
E14001074,Barnsley North,4243,Lab,Dan Jarvis,0,0,2,30000,0,0,0,0
E14001075,Barnsley South,4607,Lab,Stephanie Peacock,0,0,0,0,0,0,0,0
E14001076,Barrow and Furness,5049,Lab,Michelle Scrogham,1,0,0,0,0,0,0,0
E14001077,Basildon and Billericay,4813,Con,Mr Richard Holden,0,0,0,0,0,0,3,6308.71
E14001078,Basingstoke,5248,Lab,Luke Murphy,0,0,0,0,0,0,0,0
E14001079,Bassetlaw,5105,Lab,Jo White,0,0,3,28000,1,1634.4,0,0
E14001080,Bath,4602,LD,Wera Hobhouse,0,0,0,0,0,0,0,0
E14001081,Battersea,4676,Lab,Marsha De Cordova,1,0,0,0,0,0,1,6691
E14001082,Beaconsfield,4759,Con,Joy Morrissey,0,0,0,0,0,0,0,0
E14001083,Beckenham and Penge,5132,Lab,Liam Conlon,0,0,0,0,0,0,0,0
E14001084,Bedford,4598,Lab,Mohammad Yasin,0,0,0,0,0,0,2,13341.05
E14001085,Bermondsey and Old Southwark,4368,Lab,Neil Coyle,0,0,3,13608.8,3,3070.95,0,0
E14001086,Bethnal Green and Stepney,4138,Lab,Rushanara Ali,0,0,0,0,0,0,1,6060
E14001087,Beverley and Holderness,1482,Con,Graham Stuart,1,1000,0,0,4,2438.4,2,4375
E14001088,Bexhill and Battle,4860,Con,Dr Kieran Mullan,0,0,0,0,0,0,0,0
E14001089,Bexleyheath and Crayford,5184,Lab,Daniel Francis,0,0,0,0,0,0,0,0
E14001090,Bicester and Woodstock,5346,LD,Calum Miller,2,19476,1,10000,0,0,0,0
E14001091,Birkenhead,4083,Lab,Alison McGovern,0,0,0,0,1,900,0,0
E14001092,Birmingham Edgbaston,4603,Lab,Preet Kaur Gill,0,0,0,0,1,1198.8,0,0
E14001093,Birmingham Erdington,4938,Lab,Paulette Hamilton,4,3303,0,0,0,0,0,0
E14001094,Birmingham Hall Green and Moseley,4747,Lab,Tahir Ali,0,0,0,0,0,0,3,23386.32
E14001095,Birmingham Hodge Hill and Solihull North,1171,Lab,Liam Byrne,1,4100,1,2500,0,0,1,2627.44
E14001096,Birmingham Ladywood,3914,Lab,Shabana Mahmood,0,0,4,57500,0,0,0,0
E14001097,Birmingham Northfield,5234,Lab,Laurence Turner,0,0,0,0,0,0,0,0
E14001098,Birmingham Perry Barr,5357,Ind,Ayoub Khan,2,29887,1,40000,1,324.8,1,5955
E14001099,Birmingham Selly Oak,5235,Lab,Al Carns,0,0,0,0,0,0,0,0
E14001100,Birmingham Yardley,4370,Lab,Jess Phillips,4,13500,0,0,5,1739,0,0
E14001101,Bishop Auckland,5108,Lab,Sam Rushworth,0,0,0,0,0,0,1,1958
E14001102,Blackburn,5231,Ind,Mr Adnan Hussain,2,3000,0,0,0,0,0,0
E14001103,Blackley and Middleton South,449,Lab,Graham Stringer,0,0,0,0,0,0,0,0
E14001104,Blackpool North and Fleetwood,5232,Lab,Lorraine Beavers,0,0,0,0,0,0,0,0
E14001105,Blackpool South,5025,Lab,Chris Webb,0,0,0,0,1,1000,0,0
E14001106,Blaydon and Consett,4618,Lab,Liz Twist,0,0,1,2000,0,0,0,0
E14001107,Blyth and Ashington,4139,Lab,Ian Lavery,0,0,0,0,0,0,0,0
E14001108,Bognor Regis and Littlehampton,5203,Con,Alison Griffiths,0,0,1,2000,3,3778.8,0,0
E14001109,Bolsover,5053,Lab,Natalie Fleet,0,0,2,15700,2,1230,0,0
E14001110,Bolton North East,5095,Lab,Kirith Entwistle,0,0,0,0,0,0,1,2327.86
E14001111,Bolton South and Walkden,3924,Lab,Yasmin Qureshi,0,0,0,0,1,1400,1,9556.85
E14001112,Bolton West,5128,Lab,Phil Brickell,0,0,0,0,0,0,2,3655
E14001113,Bootle,4397,Lab,Peter Dowd,0,0,0,0,0,0,1,160.96
E14001114,Boston and Skegness,5161,RUK,Richard Tice,2,34240,0,0,1,450,2,7650
E14001115,Bournemouth East,5210,Lab,Tom Hayes,0,0,0,0,0,0,0,0
E14001116,Bournemouth West,5202,Lab,Jessica Toale,0,0,1,1759.52,0,0,1,768.04
E14001117,Bracknell,5165,Lab,Peter Swallow,0,0,0,0,0,0,1,799.82
E14001118,Bradford East,4394,Lab,Imran Hussain,0,0,0,0,0,0,1,10031.51
E14001119,Bradford South,4391,Lab,Judith Cummins,0,0,0,0,0,0,0,0
E14001120,Bradford West,4409,Lab,Naz Shah,1,8225,1,24930,0,0,4,16542.76
E14001121,Braintree,4366,Con,Sir James Cleverly,2,84783.9383561644,0,0,0,0,0,0
E14001122,Brent East,1489,Lab,Dawn Butler,2,3000,0,0,0,0,1,2925.19
E14001123,Brent West,146,Lab,Barry Gardiner,4,26010,0,0,0,0,3,4984.19
E14001124,Brentford and Isleworth,4389,Lab,Ruth Cadbury,0,0,0,0,1,750,1,1900
E14001125,Brentwood and Ongar,4613,Con,Alex Burghart,2,2250,0,0,2,16652.38,1,731
E14001126,Bridgwater,5101,Con,Sir Ashley Fox,0,0,1,2000,1,430,0,0
E14001127,Bridlington and The Wolds,5169,Con,Charlie Dewhirst,0,0,0,0,3,1810,1,1984.35
E14001128,Brigg and Immingham,3957,Con,Martin Vickers,0,0,1,1510.41,0,0,4,5300.69
E14001129,Brighton Kemptown and Peacehaven,5276,Lab,Chris Ward,0,0,0,0,0,0,0,0
E14001130,Brighton Pavilion,5314,Green,Siân Berry,0,0,1,3300,0,0,0,0
E14001131,Bristol Central,5102,Green,Carla Denyer,1,1800,0,0,4,2952.52,0,0
E14001132,Bristol East,1491,Lab,Kerry McCarthy,0,0,0,0,2,1119,0,0
E14001133,Bristol North East,5010,Lab,Damien Egan,0,0,0,0,0,0,1,2500
E14001134,Bristol North West,4621,Lab,Darren Jones,0,0,2,47220,0,0,0,0
E14001135,Bristol South,4444,Lab,Karin Smyth,0,0,0,0,1,410,0,0
E14001136,Broadland and Fakenham,4739,Con,Jerome Mayhew,1,3000,0,0,0,0,0,0
E14001137,Bromley and Biggin Hill,5209,Con,Peter Fortune,0,0,0,0,1,531.82,1,906
E14001138,Bromsgrove,5186,Con,Bradley Thomas,0,0,0,0,0,0,1,5296
E14001139,Broxbourne,5050,Con,Lewis Cocking,1,11751,0,0,3,464.36,0,0
E14001140,Broxtowe,5058,Lab,Juliet Campbell,0,0,0,0,0,0,0,0
E14001141,Buckingham and Bletchley,5193,Lab,Callum Anderson,0,0,0,0,3,6467.5,0,0
E14001142,Burnley,5135,Lab,Oliver Ryan,0,0,1,4600,0,0,1,9556.85
E14001143,Burton and Uttoxeter,5077,Lab,Jacob Collier,0,0,0,0,6,4100,1,606.32
E14001144,Bury North,4637,Lab,Mr James Frith,0,0,0,0,4,7358,0,0
E14001145,Bury South,4871,Lab,Christian Wakeford,0,0,0,0,0,0,0,0
E14001146,Bury St Edmunds and Stowmarket,5163,Lab,Peter Prinsley,5,0,0,0,0,0,1,2600
E14001147,Calder Valley,5295,Lab,Josh Fenton-Glynn,1,26368.8,0,0,0,0,0,0
E14001148,Camborne and Redruth,5208,Lab,Perran Moon,0,0,0,0,2,678.22,0,0
E14001149,Cambridge,4382,Lab,Daniel Zeichner,0,0,0,0,0,0,0,0
E14001150,Cannock Chase,5034,Lab,Josh Newbury,0,0,0,0,0,0,0,0
E14001151,Canterbury,4616,Ind,Rosie Duffield,0,0,0,0,0,0,0,0
E14001152,Carlisle,5094,Lab,Ms Julie Minns,0,0,0,0,2,939,0,0
E14001153,Carshalton and Wallington,5083,LD,Bobby Dean,0,0,1,1000,2,2615.85,1,203.48
E14001154,Castle Point,3948,Con,Rebecca Harris,0,0,1,3650,0,0,0,0
E14001155,Central Devon,3935,Con,Sir Mel Stride,0,0,4,79000,1,340,1,11000
E14001156,Central Suffolk and North Ipswich,5303,Ind,Patrick Spencer,0,0,1,3000,0,0,0,0
E14001157,Chatham and Aylesford,5220,Lab,Tristan Osborne,0,0,0,0,0,0,0,0
E14001158,Cheadle,5090,LD,Tom Morrison,0,0,0,0,0,0,0,0
E14001159,Chelmsford,5073,LD,Marie Goldman,2,1697.92,0,0,2,2748,0,0
E14001160,Chelsea and Fulham,5344,Lab,Ben Coleman,0,0,0,0,0,0,0,0
E14001161,Cheltenham,5055,LD,Max Wilkinson,0,0,3,9500,6,4857.69,0,0
E14001162,Chesham and Amersham,4918,LD,Sarah Green,0,0,0,0,0,0,1,683.32
E14001163,Chester North and Neston,4976,Lab,Samantha Dixon,0,0,0,0,0,0,0,0
E14001164,Chester South and Eddisbury,5241,Con,Aphra Brandreth,0,0,0,0,3,3913.33,0,0
E14001165,Chesterfield,3952,Lab,Mr Toby Perkins,0,0,0,0,4,2254.59,0,0
E14001166,Chichester,5335,LD,Jess Brown-Fuller,1,416,5,17182.5,2,2750,0,0
E14001167,Chingford and Woodford Green,152,Con,Sir Iain Duncan Smith,5,7920,0,0,4,5039.5,3,11951.35
E14001168,Chippenham,5239,LD,Sarah Gibson,2,37311.28,0,0,0,0,0,0
E14001169,Chipping Barnet,5282,Lab,Dan Tomlinson,0,0,1,3000,1,369,1,882.45
E14001170,Chorley,467,Spk,Sir Lindsay Hoyle,0,0,0,0,0,0,0,0
E14001171,Christchurch,242,Con,Sir Christopher Chope,1,0,0,0,0,0,0,0
E14001172,Cities of London and Westminster,5257,Lab,Rachel Blake,0,0,0,0,1,500,0,0
E14001173,City of Durham,4753,Lab,Mary Kelly Foy,0,0,0,0,0,0,0,0
E14001174,Clacton,5091,RUK,Nigel Farage,13,942360.18,0,0,1,5000,6,165220.68
E14001175,Clapham and Brixton Hill,4764,Lab,Bell Ribeiro-Addy,4,1718.45,0,0,1,1155,2,3988.01
E14001176,Colchester,5042,Lab,Pam Cox,0,0,0,0,0,0,0,0
E14001177,Colne Valley,5317,Lab,Paul Davies,0,0,0,0,0,0,0,0
E14001178,Congleton,5324,Lab,Sarah Russell,2,0,0,0,0,0,0,0
E14001179,Corby and East Northamptonshire,5315,Lab,Lee Barron,0,0,0,0,0,0,0,0
E14001180,Coventry East,1579,Lab,Mary Creagh,0,0,0,0,3,1384,0,0
E14001181,Coventry North West,4779,Lab,Taiwo Owatemi,0,0,0,0,0,0,0,0
E14001182,Coventry South,4786,YP,Zarah Sultana,0,0,0,0,5,2945.09,5,3882.09
E14001183,Cramlington and Killingworth,5029,Lab,Emma Foody,0,0,0,0,0,0,0,0
E14001184,Crawley,5345,Lab,Peter Lamb,0,0,0,0,0,0,0,0
E14001185,Crewe and Nantwich,5273,Lab,Connor Naismith,0,0,0,0,0,0,1,6736.37
E14001186,Croydon East,5119,Lab,Natasha Irons,0,0,0,0,0,0,0,0
E14001187,Croydon South,4503,Con,Chris Philp,0,0,0,0,3,2768,1,664.14
E14001188,Croydon West,4631,Lab,Sarah Jones,0,0,0,0,0,0,0,0
E14001189,Dagenham and Rainham,5272,Lab,Margaret Mullane,0,0,3,19020.31,0,0,0,0
E14001190,Darlington,5037,Lab,Lola McEvoy,0,0,2,8499.99,0,0,0,0
E14001191,Dartford,5223,Lab,Jim Dickson,0,0,0,0,0,0,0,0
E14001192,Daventry,4032,Con,Stuart Andrew,0,0,0,0,6,10186,0,0
E14001193,Derby North,5143,Lab,Catherine Atkinson,0,0,0,0,0,0,0,0
E14001194,Derby South,5176,Lab,Baggy Shanker,0,0,1,5000,0,0,0,0
E14001195,Derbyshire Dales,5342,Lab,John Whitby,1,1000,0,0,0,0,0,0
E14001196,Dewsbury and Batley,5268,Ind,Iqbal Mohamed,0,0,1,40000,0,0,1,6300
E14001197,Didcot and Wantage,5318,LD,Olly Glover,0,0,0,0,0,0,0,0
E14001198,Doncaster Central,5178,Lab,Sally Jameson,0,0,0,0,0,0,0,0
E14001199,Doncaster East and the Isle of Axholme,5233,Lab,Lee Pitcher,0,0,0,0,0,0,0,0
E14001200,Doncaster North,1510,Lab,Ed Miliband,0,0,0,0,0,0,0,0
E14001201,Dorking and Horley,5198,LD,Chris Coghlan,1,1364.42,0,0,0,0,0,0
E14001202,Dover and Deal,5266,Lab,Mike Tapp,1,0,0,0,0,0,0,0
E14001203,Droitwich and Evesham,4407,Con,Nigel Huddleston,0,0,0,0,6,4351.5,1,4500
E14001204,Dudley,5274,Lab,Sonia Kumar,1,0,4,10125,0,0,1,768.04
E14001205,Dulwich and West Norwood,4510,Lab,Helen Hayes,0,0,0,0,0,0,1,1570
E14001206,Dunstable and Leighton Buzzard,5141,Lab,Alex Mayer,0,0,0,0,1,2500,0,0
E14001207,Ealing Central and Acton,4511,Lab,Dr Rupa Huq,0,0,0,0,3,1660,4,6602.03
E14001208,Ealing North,4797,Lab,James Murray,0,0,0,0,7,3043.5,0,0
E14001209,Ealing Southall,5075,Lab,Deirdre Costigan,0,0,0,0,1,840,0,0
E14001210,Earley and Woodley,5267,Lab,Yuan Yang,3,74658.57,3,22000,2,973.5,1,920
E14001211,Easington,3973,Lab,Grahame Morris,0,0,1,18672,2,1748,0,0
E14001212,East Grinstead and Uckfield,4513,Con,Mims Davies,0,0,0,0,1,420,0,0
E14001213,East Ham,163,Lab,Sir Stephen Timms,0,0,0,0,0,0,0,0
E14001214,East Hampshire,3969,Con,Damian Hinds,0,0,0,0,1,435,0,0
E14001215,East Surrey,4806,Con,Claire Coutinho,0,0,1,5000,0,0,0,0
E14001216,East Thanet,5123,Lab,Ms Polly Billington,0,0,0,0,0,0,1,808
E14001217,East Wiltshire,4858,RUK,Danny Kruger,0,0,0,0,1,380,1,1096
E14001218,East Worthing and Shoreham,5222,Lab,Tom Rutland,0,0,1,2500,7,7166.37,0,0
E14001219,Eastbourne,5086,LD,Josh Babarinde,0,0,5,17000,0,0,0,0
E14001220,Eastleigh,5040,LD,Liz Jarvis,1,0,0,0,0,0,0,0
E14001221,Edmonton and Winchmore Hill,4515,Lab,Kate Osamor,0,0,0,0,0,0,0,0
E14001222,Ellesmere Port and Bromborough,4418,Lab,Justin Madders,0,0,0,0,0,0,1,1260
E14001223,Eltham and Chislehurst,165,Lab,Clive Efford,0,0,0,0,1,400,0,0
E14001224,Ely and East Cambridgeshire,5182,LD,Charlotte Cane,1,3457.15,0,0,4,3561.86,0,0
E14001225,Enfield North,4822,Lab,Feryal Clark,0,0,0,0,0,0,0,0
E14001226,Epping Forest,4853,Con,Dr Neil Hudson,1,2500.02,0,0,0,0,0,0
E14001227,Epsom and Ewell,5336,LD,Helen Maguire,0,0,1,5000,3,3480,3,4078.47
E14001228,Erewash,5044,Lab,Adam Thompson,0,0,0,0,0,0,0,0
E14001229,Erith and Thamesmead,4820,Lab,Ms Abena Oppong-Asare,0,0,1,2000,0,0,0,0
E14001230,Esher and Walton,5299,LD,Monica Harding,0,0,7,29847,2,2695.88,1,2351
E14001231,Exeter,5064,Lab,Steve Race,0,0,0,0,3,5862.84,4,3933.65
E14001232,Exmouth and Exeter East,5347,Con,David Reed,0,0,0,0,7,385,4,19101.5
E14001233,Fareham and Waterlooville,4475,RUK,Suella Braverman,3,71175.75,0,0,6,6028.14,2,10890.95
E14001234,Farnham and Bordon,5351,Con,Gregory Stafford,0,0,0,0,1,445.1,0,0
E14001235,Faversham and Mid Kent,4527,Con,Helen Whately,0,0,4,19950,1,488.5,0,0
E14001236,Feltham and Heston,4253,Lab,Seema Malhotra,0,0,0,0,0,0,0,0
E14001237,Filton and Bradley Stoke,5306,Lab,Claire Hazelgrove,0,0,0,0,1,318,0,0
E14001238,Finchley and Golders Green,5204,Lab,Sarah Sackman,2,2562.5,10,16250,1,1300,0,0
E14001239,Folkestone and Hythe,5067,Lab,Tony Vaughan,3,56397.23,1,3120,0,0,3,5492
E14001240,Forest of Dean,5323,Lab,Matt Bishop,0,0,0,0,2,880,1,1760
E14001241,Frome and East Somerset,5286,LD,Anna Sabine,0,0,2,4585.11,1,358,0,0
E14001242,Fylde,5072,Con,Mr Andrew Snowden,0,0,5,10500,1,400,0,0
E14001243,Gainsborough,345,Con,Sir Edward Leigh,0,0,0,0,0,0,2,2118.96
E14001244,Gateshead Central and Whickham,5031,Lab,Mark Ferguson,0,0,4,24950,0,0,0,0
E14001245,Gedling,5146,Lab,Michael Payne,1,445.54,0,0,1,550,2,4812.3
E14001246,Gillingham and Rainham,5215,Lab,Naushabah Khan,0,0,1,3000,0,0,1,799.82
E14001247,Glastonbury and Somerton,4995,LD,Sarah Dyke,0,0,0,0,0,0,0,0
E14001248,Gloucester,5349,Lab,Alex McIntyre,0,0,0,0,0,0,0,0
E14001249,Godalming and Ash,1572,Con,Sir Jeremy Hunt,4,262670,0,0,4,4407,1,1590.44
E14001250,Goole and Pocklington,373,Con,David Davis,1,33900,1,250000,2,7091.76,0,0
E14001252,Gosport,4008,Con,Dame Caroline Dinenage,1,50000,0,0,6,10314.94,0,0
E14001253,Grantham and Bourne,4850,Con,Gareth Davies,0,0,0,0,1,5625,1,5948.81
E14001254,Gravesham,5269,Lab,Dr Lauren Sullivan,0,0,0,0,1,1564,1,742.72
E14001255,Great Grimsby and Cleethorpes,4464,Lab,Melanie Onn,0,0,0,0,0,0,0,0
E14001256,Great Yarmouth,5158,Ind,Rupert Lowe,7,40338.19,9,45000,2,1056,1,1790.92
E14001257,Greenwich and Woolwich,4520,Lab,Matthew Pennycook,0,0,0,0,0,0,0,0
E14001258,Guildford,5313,LD,Zöe Franklin,0,0,1,2000,1,1552.86,0,0
E14001259,Hackney North and Stoke Newington,172,Ind,Ms Diane Abbott,1,40950,0,0,0,0,1,2930.19
E14001260,Hackney South and Shoreditch,1524,Lab,Dame Meg Hillier,0,0,0,0,0,0,2,2188.77
E14001261,Halesowen,5238,Lab,Alex Ballinger,0,0,0,0,0,0,1,5985
E14001262,Halifax,5224,Lab,Kate Dearden,0,0,0,0,0,0,0,0
E14001263,Hamble Valley,4803,Con,Paul Holmes,0,0,0,0,1,640,1,3200
E14001264,Hammersmith and Chiswick,1516,Lab,Andy Slaughter,0,0,0,0,0,0,0,0
E14001265,Hampstead and Highgate,4518,Lab,Tulip Siddiq,0,0,0,0,0,0,0,0
E14001266,"Harborough, Oadby and Wigston",4679,Con,Neil O'Brien,0,0,0,0,0,0,0,0
E14001267,Harlow,5237,Lab,Chris Vince,0,0,0,0,0,0,0,0
E14001268,Harpenden and Berkhamsted,5201,LD,Victoria Collins,0,0,3,16773.6,2,4012,0,0
E14001269,Harrogate and Knaresborough,5032,LD,Tom Gordon,0,0,0,0,0,0,1,799.82
E14001270,Harrow East,4005,Con,Bob Blackman,0,0,0,0,3,1674,4,17783.64
E14001271,Harrow West,177,Lab,Gareth Thomas,0,0,0,0,0,0,0,0
E14001272,Hartlepool,5045,Lab,Mr Jonathan Brash,0,0,0,0,0,0,0,0
E14001273,Harwich and North Essex,40,Con,Sir Bernard Jenkin,1,325,0,0,1,300,0,0
E14001274,Hastings and Rye,5192,Lab,Helena Dollimore,0,0,1,7200,0,0,1,7521
E14001275,Havant,4484,Con,Alan Mak,1,0,14,106846.59,2,2949,2,1329.71
E14001276,Hayes and Harlington,178,Lab,John McDonnell,0,0,4,117737,0,0,0,0
E14001277,Hazel Grove,5070,LD,Lisa Smart,0,0,6,17000,4,4005.18,1,64
E14001278,Hemel Hempstead,5348,Lab,David Taylor,0,0,0,0,0,0,2,11474.28
E14001279,Hendon,5360,Lab,David Pinto-Duschinsky,1,8850.58,6,37500,0,0,0,0
E14001280,Henley and Thame,5296,LD,Freddie van Mierlo,2,522.91,3,17500,3,3165.85,0,0
E14001281,Hereford and South Herefordshire,3991,Con,Jesse Norman,2,11539.95,0,0,0,0,2,6137
E14001282,Herne Bay and Sandwich,87,Con,Sir Roger Gale,0,0,0,0,0,0,2,1732.3
E14001283,Hertford and Stortford,5187,Lab,Josh Dean,0,0,0,0,0,0,0,0
E14001284,Hertsmere,4441,Con,Sir Oliver Dowden,3,230000,0,0,8,12976.39,5,49671.41
E14001285,Hexham,5081,Lab,Joe Morris,0,0,0,0,0,0,0,0
E14001286,Heywood and Middleton North,5084,Lab,Mrs Elsie Blundell,0,0,0,0,0,0,0,0
E14001287,High Peak,5115,Lab,Jon Pearce,0,0,5,12500,1,760,3,7800
E14001288,Hinckley and Bosworth,4781,Con,Dr Luke Evans,0,0,0,0,0,0,0,0
E14001289,Hitchin,5000,Lab,Alistair Strathern,0,0,0,0,0,0,0,0
E14001290,Holborn and St Pancras,4514,Lab,Sir Keir Starmer,2,927.15,0,0,12,11650,0,0
E14001291,Honiton and Sidmouth,4942,LD,Richard Foord,0,0,0,0,0,0,0,0
E14001292,Hornchurch and Upminster,4647,Con,Julia Lopez,0,0,0,0,1,14350.38,0,0
E14001293,Hornsey and Friern Barnet,4523,Lab,Catherine West,1,1489.8,0,0,0,0,0,0
E14001294,Horsham,5329,LD,John Milne,1,2349.6,0,0,0,0,0,0
E14001295,Houghton and Sunderland South,4046,Lab,Bridget Phillipson,0,0,12,94223.17,0,0,0,0
E14001296,Hove and Portslade,4505,Lab,Peter Kyle,0,0,1,5000,0,0,0,0
E14001297,Huddersfield,5289,Lab,Harpreet Uppal,0,0,1,1766.29,0,0,0,0
E14001298,Huntingdon,5089,Con,Ben Obese-Jecty,0,0,0,0,1,1400,1,4213.05
E14001299,Hyndburn,5117,Lab,Sarah Smith,0,0,0,0,0,0,0,0
E14001300,Ilford North,4504,Lab,Wes Streeting,1,358.21,3,108000,1,2498,0,0
E14001301,Ilford South,5227,Lab,Jas Athwal,0,0,0,0,0,0,0,0
E14001302,Ipswich,5131,Lab,Jack Abbott,0,0,0,0,4,3923,0,0
E14001303,Isle of Wight East,5255,Con,Joe Robertson,1,10093.56,1,1888.74,1,307.7,0,0
E14001304,Isle of Wight West,5144,Lab,Mr Richard Quigley,0,0,0,0,0,0,1,1570
E14001305,Islington North,185,Ind,Jeremy Corbyn,0,0,0,0,3,855.99,8,10118.17
E14001306,Islington South and Finsbury,1536,Lab,Emily Thornberry,1,1000,0,0,1,3120,1,1850
E14001307,Jarrow and Gateshead East,4783,Lab,Kate Osborne,0,0,1,2000,2,1025,0,0
E14001308,Keighley and Ilkley,4861,Con,Robbie Moore,0,0,3,12500,0,0,0,0
E14001309,Kenilworth and Southam,1560,Con,Sir Jeremy Wright,2,1400,0,0,0,0,1,3246.72
E14001310,Kensington and Bayswater,5229,Lab,Joe Powell,0,0,3,61340.55,1,1300,0,0
E14001311,Kettering,5331,Lab,Rosie Wrighting,0,0,0,0,1,2200,2,5972.71
E14001312,Kingston and Surbiton,188,LD,Ed Davey,3,17250,2,11000,2,4075.85,0,0
E14001313,Kingston upon Hull East,4030,Lab,Karl Turner,0,0,1,3000,0,0,0,0
E14001314,Kingston upon Hull North and Cottingham,1533,Lab,Dame Diana Johnson,0,0,0,0,0,0,0,0
E14001315,Kingston upon Hull West and Haltemprice,4645,Lab,Emma Hardy,0,0,0,0,0,0,0,0
E14001316,Kingswinford and South Staffordshire,4384,Con,Mike Wood,0,0,0,0,0,0,0,0
E14001317,Knowsley,5038,Lab,Anneliese Midgley,0,0,0,0,4,4420,0,0
E14001318,Lancaster and Wyre,4436,Lab,Cat Smith,0,0,0,0,1,350,2,3875.41
E14001319,Leeds Central and Headingley,4658,Lab,Alex Sobel,0,0,0,0,2,1410,1,146
E14001320,Leeds East,4493,Lab,Richard Burgon,0,0,0,0,0,0,0,0
E14001321,Leeds North East,415,Lab,Fabian Hamilton,0,0,0,0,0,0,1,1850
E14001322,Leeds North West,5260,Lab,Katie White,0,0,0,0,3,4650,0,0
E14001323,Leeds South,413,Lab,Hilary Benn,0,0,0,0,0,0,0,0
E14001324,Leeds South West and Morley,5166,Lab,Mark Sewards,0,0,1,3000,0,0,3,4401.04
E14001325,Leeds West and Pudsey,4031,Lab,Rachel Reeves,1,0,1,30000,3,1141.69,0,0
E14001326,Leicester East,5068,Con,Shivani Raja,0,0,0,0,0,0,0,0
E14001327,Leicester South,5120,Ind,Shockat Adam,3,0,0,0,1,324.8,2,7933.64
E14001328,Leicester West,4026,Lab,Liz Kendall,0,0,0,0,0,0,0,0
E14001329,Leigh and Atherton,4673,Lab,Jo Platt,0,0,0,0,0,0,0,0
E14001330,Lewes,5265,LD,James MacCleary,2,13635.96,0,0,1,1578.5,2,1321.47
E14001331,Lewisham East,4698,Lab,Janet Daby,0,0,0,0,0,0,0,0
E14001332,Lewisham North,4491,Lab,Vicky Foxcroft,0,0,0,0,0,0,0,0
E14001333,Lewisham West and East Dulwich,4620,Lab,Ellie Reeves,0,0,0,0,1,760,0,0
E14001334,Leyton and Wanstead,5054,Lab,Mr Calvin Bailey,0,0,0,0,3,726,0,0
E14001335,Lichfield,5126,Lab,Dave Robertson,0,0,0,0,0,0,0,0
E14001336,Lincoln,5148,Lab,Mr Hamish Falconer,0,0,1,3000,0,0,0,0
E14001337,Liverpool Garston,483,Lab,Maria Eagle,0,0,0,0,1,390,0,0
E14001338,Liverpool Riverside,4824,Lab,Kim Johnson,0,0,0,0,0,0,3,4763.19
E14001339,Liverpool Walton,4651,Lab,Dan Carden,4,44140,1,5000,4,2624,4,9076.69
E14001340,Liverpool Wavertree,4828,Lab,Paula Barker,0,0,0,0,1,1400,1,6745.12
E14001341,Liverpool West Derby,4831,Lab,Ian Byrne,0,0,1,4868.12,0,0,0,0
E14001342,Loughborough,5259,Lab,Dr Jeevun Sandher,0,0,0,0,0,0,0,0
E14001343,Louth and Horncastle,4399,Con,Victoria Atkins,0,0,0,0,3,1710,0,0
E14001344,Lowestoft,5156,Lab,Jess Asato,0,0,0,0,1,750,0,0
E14001345,Luton North,4777,Lab,Sarah Owen,0,0,0,0,1,495.58,0,0
E14001346,Luton South and South Bedfordshire,4873,Lab,Rachel Hopkins,0,0,0,0,0,0,0,0
E14001347,Macclesfield,5287,Lab,Tim Roca,0,0,2,25000,0,0,3,5668.3
E14001348,Maidenhead,5343,LD,Mr Joshua Reynolds,1,9075,1,5000,2,2952.86,0,0
E14001349,Maidstone and Malling,4018,Con,Helen Grant,0,0,0,0,5,2998.59,0,0
E14001350,Makerfield,5060,Lab,Josh Simons,0,0,2,35000,5,2620,0,0
E14001351,Maldon,39,Con,Sir John Whittingdale,0,0,0,0,5,12419.94,2,8005
E14001352,Manchester Central,4263,Lab,Lucy Powell,0,0,7,116000,1,432,0,0
E14001353,Manchester Rusholme,4671,Lab,Afzal Khan,0,0,0,0,0,0,3,6282.94
E14001354,Manchester Withington,4456,Lab,Jeff Smith,0,0,0,0,0,0,0,0
E14001355,Mansfield,5194,Lab,Steve Yemm,0,0,3,9482,0,0,0,0
E14001356,Melksham and Devizes,5214,LD,Brian Mathew,0,0,0,0,1,1280,1,2052.08
E14001357,Melton and Syston,4362,Con,Edward Argar,0,0,0,0,0,0,0,0
E14001358,Meriden and Solihull East,4818,Con,Saqib Bhatti,0,0,2,25000,4,6363,1,4954.41
E14001359,Mid Bedfordshire,5100,Con,Blake Stephenson,1,15211.53,0,0,2,790,1,3339.77
E14001360,Mid Buckinghamshire,4778,Con,Greg Smith,0,0,0,0,5,7248,2,4508.81
E14001361,Mid Cheshire,5195,Lab,Andrew Cooper,0,0,0,0,0,0,0,0
E14001362,Mid Derbyshire,5256,Lab,Jonathan Davies,0,0,0,0,1,1400,1,606.32
E14001363,Mid Dorset and North Poole,5327,LD,Vikki Slade,1,14458,0,0,1,1552.86,1,606.42
E14001364,Mid Leicestershire,5330,Con,Mr Peter Bedford,1,2013.5,0,0,2,1050,0,0
E14001365,Mid Norfolk,4020,Con,George Freeman,8,176000,0,0,1,500,4,11187.24
E14001366,Mid Sussex,5283,LD,Alison Bennett,0,0,1,5000,2,2467.2,0,0
E14001367,Middlesbrough and Thornaby East,4269,Lab,Andy McDonald,0,0,0,0,0,0,0,0
E14001368,Middlesbrough South and East Cleveland,5147,Lab,Luke Myer,0,0,0,0,0,0,0,0
E14001369,Milton Keynes Central,5139,Lab,Emily Darlington,0,0,0,0,2,1110,0,0
E14001370,Milton Keynes North,5118,Lab,Chris Curtis,0,0,3,14166.65,7,9635.13,2,2723.92
E14001371,Mitcham and Morden,193,Lab,Dame Siobhain McDonagh,0,0,0,0,1,1200000,0,0
E14001372,Morecambe and Lunesdale,5225,Lab,Lizzi Collinge,0,0,0,0,1,466.49,0,0
E14001373,New Forest East,54,Con,Sir Julian Lewis,0,0,0,0,0,0,0,0
E14001374,New Forest West,55,Con,Sir Desmond Swayne,0,0,0,0,0,0,0,0
E14001375,Newark,4320,RUK,Robert Jenrick,1,19200,8,105000,0,0,0,0
E14001376,Newbury,5310,LD,Mr Lee Dillon,1,11587.92,0,0,2,2402.86,0,0
E14001377,Newcastle upon Tyne Central and West,4124,Lab,Dame Chi Onwurah,0,0,0,0,9,4963.23,2,5291.03
E14001378,Newcastle upon Tyne East and Wallsend,4126,Lab,Mary Glindon,0,0,0,0,0,0,0,0
E14001379,Newcastle upon Tyne North,4125,Lab,Catherine McKinnell,0,0,0,0,1,330,1,4216.74
E14001380,Newcastle-under-Lyme,5168,Lab,Adam Jogee,0,0,0,0,1,696,3,5714.89
E14001381,Newton Abbot,5111,LD,Martin Wrigley,2,10149.09,0,0,1,1029.62,0,0
E14001382,Newton Aycliffe and Spennymoor,5080,Lab,Alan Strickland,0,0,0,0,0,0,0,0
E14001383,Normanton and Hemsworth,410,Lab,Jon Trickett,0,0,1,2000,0,0,0,0
E14001384,North Bedfordshire,3912,Con,Richard Fuller,2,36383.5616438356,0,0,0,0,0,0
E14001385,North Cornwall,5350,LD,Ben Maguire,0,0,0,0,1,1310.75,0,0
E14001386,North Cotswolds,249,Con,Sir Geoffrey Clifton-Brown,1,15000,0,0,0,0,0,0
E14001387,North Devon,5138,LD,Ian Roome,3,6116.6,0,0,1,1310.75,0,0
E14001388,North Dorset,4494,Con,Simon Hoare,0,0,0,0,0,0,0,0
E14001389,North Durham,5112,Lab,Luke Akehurst,0,0,0,0,0,0,2,4758
E14001390,North East Cambridgeshire,4095,Con,Steve Barclay,1,44000,2,7070.72,0,0,0,0
E14001391,North East Derbyshire,5258,Lab,Louise Sandher-Jones,0,0,0,0,0,0,0,0
E14001392,North East Hampshire,5263,LD,Alex Brewer,0,0,4,15100,0,0,0,0
E14001393,North East Hertfordshire,5244,Lab,Chris Hinchliff,0,0,0,0,0,0,0,0
E14001394,North East Somerset and Hanham,221,Ind,Dan Norris,1,15986.58,0,0,0,0,0,0
E14001395,North Herefordshire,5249,Green,Dr Ellie Chowns,0,0,0,0,2,439.82,0,0
E14001396,North Norfolk,5164,LD,Steff Aquarone,1,12469,3,7000,0,0,0,0
E14001397,North Northumberland,5218,Lab,David Smith,0,0,0,0,0,0,0,0
E14001398,North Shropshire,4934,LD,Helen Morgan,0,0,6,22500,0,0,0,0
E14001399,North Somerset,5312,Lab,Sadik Al-Hassan,0,0,0,0,1,799,0,0
E14001400,North Warwickshire and Bedworth,5065,Lab,Rachel Taylor,1,15624,0,0,4,3066.47,2,3745.48
E14001401,North West Cambridgeshire,5308,Lab,Sam Carling,0,0,0,0,2,588.5,0,0
E14001402,North West Essex,4597,Con,Mrs Kemi Badenoch,0,0,6,271812.5,3,16996.38,1,27479.96
E14001403,North West Hampshire,4495,Con,Kit Malthouse,1,14794.5205479452,0,0,0,0,1,8475
E14001404,North West Leicestershire,5149,Lab,Amanda Hack,1,0,0,0,4,2653,1,460
E14001405,North West Norfolk,4787,Con,James Wild,0,0,0,0,0,0,1,1375
E14001406,Northampton North,5333,Lab,Lucy Rigby,0,0,0,0,0,0,0,0
E14001407,Northampton South,5316,Lab,Mike Reader,0,0,1,2155,15,8422.76,2,1169.22
E14001408,Norwich North,5133,Lab,Alice Macdonald,0,0,0,0,0,0,0,0
E14001409,Norwich South,4500,Lab,Clive Lewis,3,2168.95,9,74400.29,7,2343.61,2,1966.58
E14001410,Nottingham East,4869,Lab,Nadia Whittome,0,0,0,0,0,0,0,0
E14001411,Nottingham North and Kimberley,4641,Lab,Alex Norris,0,0,0,0,3,850,0,0
E14001412,Nottingham South,4029,Lab,Lilian Greenwood,0,0,0,0,0,0,0,0
E14001413,Nuneaton,5036,Lab,Jodie Gosling,0,0,0,0,0,0,0,0
E14001414,Old Bexley and Sidcup,4932,Con,Mr Louie French,0,0,1,5000,11,10036,1,1150
E14001415,Oldham East and Saddleworth,4212,Lab,Debbie Abrahams,0,0,0,0,0,0,0,0
E14001416,"Oldham West, Chadderton and Royton",4569,Lab,Jim McMahon,0,0,0,0,2,690,0,0
E14001417,Orpington,4798,Con,Gareth Bacon,1,500,0,0,0,0,1,3200
E14001418,Ossett and Denby Dale,5236,Lab,Jade Botterill,0,0,0,0,1,496,0,0
E14001419,Oxford East,4657,Lab,Anneliese Dodds,3,3048.99,0,0,0,0,2,3702.99
E14001420,Oxford West and Abingdon,4656,LD,Layla Moran,1,18078,5,9600,0,0,1,1162
E14001421,Peckham,5099,Lab,Miatta Fahnbulleh,0,0,0,0,0,0,0,0
E14001422,Pendle and Clitheroe,5264,Lab,Jonathan Hinder,0,0,0,0,0,0,0,0
E14001423,Penistone and Stocksbridge,5098,Lab,Dr Marie Tidball,0,0,0,0,1,2250,0,0
E14001424,Penrith and Solway,5124,Ind,Markus Campbell-Savours,0,0,0,0,0,0,0,0
E14001425,Peterborough,5243,Lab,Andrew Pakes,0,0,1,2000,0,0,1,13194
E14001426,Plymouth Moor View,5174,Lab,Fred Thomas,0,0,0,0,1,2090.84,4,7099.85
E14001427,Plymouth Sutton and Devonport,4682,Lab,Luke Pollard,0,0,2,2164.8,2,702.75,0,0
E14001428,"Pontefract, Castleford and Knottingley",420,Lab,Yvette Cooper,1,1497.17,0,0,1,2350,0,0
E14001429,Poole,5359,Lab,Neil Duncan-Jordan,0,0,1,2000,1,571.42,0,0
E14001430,Poplar and Limehouse,4790,Lab,Apsana Begum,0,0,0,0,0,0,1,1944.92
E14001431,Portsmouth North,5294,Lab,Amanda Martin,0,0,0,0,7,6168,1,606.42
E14001432,Portsmouth South,4653,Lab,Stephen Morgan,0,0,3,15000,0,0,0,0
E14001433,Preston,473,Lab,Sir Mark Hendrick,0,0,0,0,0,0,0,0
E14001434,Putney,4788,Lab,Fleur Anderson,0,0,0,0,0,0,1,888.4
E14001435,Queen's Park and Maida Vale,5305,Lab,Georgia Gould,0,0,0,0,0,0,0,0
E14001436,Rawmarsh and Conisbrough,400,Lab,John Healey,0,0,0,0,0,0,0,0
E14001437,Rayleigh and Wickford,1444,Con,Mr Mark Francois,1,0,0,0,0,0,2,4222.95
E14001438,Reading Central,4654,Lab,Matt Rodda,0,0,1,3675,0,0,0,0
E14001439,Reading West and Mid Berkshire,5337,Lab,Olivia Bailey,0,0,1,1900,0,0,0,0
E14001440,Redcar,4449,Lab,Anna Turley,0,0,0,0,0,0,0,0
E14001441,Redditch,5109,Lab,Chris Bloore,1,0,0,0,0,0,0,0
E14001442,Reigate,5297,Con,Rebecca Paul,1,14409.96,0,0,0,0,1,5807
E14001443,Ribble Valley,5228,Lab,Maya Ellis,0,0,0,0,0,0,0,0
E14001444,Richmond and Northallerton,4483,Con,Rishi Sunak,6,1071584.76726027,0,0,0,0,0,0
E14001445,Richmond Park,4591,LD,Sarah Olney,0,0,1,2000,0,0,0,0
E14001446,Rochdale,5071,Lab,Paul Waugh,0,0,0,0,0,0,1,1958
E14001447,Rochester and Strood,5298,Lab,Lauren Edwards,0,0,0,0,0,0,0,0
E14001448,Romford,1447,RUK,Andrew Rosindell,0,0,5,16500,1,605,5,8465.07
E14001449,Romsey and Southampton North,4048,Con,Caroline Nokes,0,0,0,0,0,0,0,0
E14001450,Rossendale and Darwen,5134,Lab,Andy MacNae,0,0,0,0,0,0,0,0
E14001451,Rother Valley,5082,Lab,Jake Richards,1,0,0,0,1,2908.02,0,0
E14001452,Rotherham,4267,Lab,Sarah Champion,0,0,0,0,1,1400,4,20685
E14001453,Rugby,5127,Lab,John Slinger,0,0,0,0,0,0,2,16656.85
E14001454,"Ruislip, Northwood and Pinner",4872,Con,David Simmonds,0,0,3,16088,0,0,0,0
E14001455,Runcorn and Helsby,5403,RUK,Sarah Pochin,0,0,0,0,0,0,0,0
E14001456,Runnymede and Weybridge,4785,Con,Dr Ben Spencer,0,0,2,16000,3,3950,2,13651.66
E14001457,Rushcliffe,5047,Lab,James Naish,2,4632.50684931507,1,1678,1,640,0,0
E14001458,Rutland and Stamford,4805,Con,Alicia Kearns,0,0,0,0,2,2450,4,13903.2
E14001459,Salford,4396,Lab,Rebecca Long Bailey,0,0,5,77901,0,0,0,0
E14001460,Salisbury,4051,Con,John Glen,0,0,0,0,1,590,1,1803.13
E14001461,Scarborough and Whitby,5254,Lab,Alison Hume,1,3720.89,0,0,0,0,0,0
E14001462,Scunthorpe,4056,Lab,Sir Nicholas Dakin,0,0,0,0,0,0,0,0
E14001463,Sefton Central,4061,Lab,Bill Esterson,0,0,0,0,0,0,2,2067.55
E14001464,Selby,4993,Lab,Keir Mather,0,0,1,2000,0,0,0,0
E14001465,Sevenoaks,4780,Con,Laura Trott,2,12000,8,94500,1,138,0,0
E14001466,Sheffield Brightside and Hillsborough,4571,Lab,Gill Furniss,0,0,0,0,0,0,1,6745.12
E14001467,Sheffield Central,5142,Lab,Abtisam Mohamed,0,0,0,0,0,0,1,920
E14001468,Sheffield Hallam,4864,Lab,Olivia Blake,0,0,4,38137,1,450,1,435
E14001469,Sheffield Heeley,4473,Lab,Louise Haigh,1,1500,0,0,0,0,0,0
E14001470,Sheffield South East,394,Lab,Mr Clive Betts,0,0,0,0,0,0,0,0
E14001471,Sherwood Forest,5226,Lab,Michelle Welsh,0,0,0,0,1,550,0,0
E14001472,Shipley,5281,Lab,Anna Dixon,0,0,0,0,0,0,1,5466.63
E14001473,Shrewsbury,5171,Lab,Julia Buckley,0,0,0,0,0,0,0,0
E14001474,Sittingbourne and Sheppey,5300,Lab,Kevin McKenna,0,0,1,2800,0,0,2,3069.98
E14001475,Skipton and Ripon,4118,Con,Sir Julian Smith,1,15181.94,0,0,1,760,0,0
E14001476,Sleaford and North Hykeham,4592,Con,Dr Caroline Johnson,1,26211.6,0,0,0,0,1,1635.79
E14001477,Slough,4638,Lab,Mr Tanmanjeet Singh Dhesi,0,0,0,0,0,0,1,4229.8
E14001478,Smethwick,5059,Lab,Gurinder Singh Josan,0,0,0,0,0,0,0,0
E14001479,Solihull West and Shirley,5197,Con,Dr Neil Shastri-Hurst,3,51282.23,3,4300,1,445.1,1,5254.93
E14001480,South Basildon and East Thurrock,5361,Ind,James McMurdock,0,0,0,0,0,0,0,0
E14001481,South Cambridgeshire,5078,LD,Pippa Heylings,1,527,1,10000,0,0,4,9493.27
E14001482,South Cotswolds,5352,LD,Dr Roz Savage,0,0,0,0,4,315.38,1,3068.84
E14001483,South Derbyshire,5150,Lab,Samantha Niblett,0,0,0,0,2,3954.6,0,0
E14001484,South Devon,5216,LD,Caroline Voaden,0,0,0,0,3,2992.86,0,0
E14001485,South Dorset,5217,Lab,Lloyd Hatton,0,0,0,0,0,0,0,0
E14001486,South East Cornwall,5353,Lab,Anna Gelderd,0,0,0,0,0,0,3,10289.86
E14001487,South Holland and The Deepings,350,Con,Sir John Hayes,4,98956.1,0,0,0,0,0,0
E14001488,South Leicestershire,4439,Con,Alberto Costa,0,0,1,1800,0,0,1,265.32
E14001489,South Norfolk,5205,Lab,Ben Goldsborough,0,0,0,0,0,0,0,0
E14001490,South Northamptonshire,5355,Con,Sarah Bool,0,0,0,0,12,7949.42,2,3970.37
E14001491,South Ribble,5074,Lab,Mr Paul Foster,0,0,0,0,0,0,0,0
E14001492,South Shields,4277,Lab,Emma Lewell,0,0,0,0,1,400,0,0
E14001493,South Shropshire,4742,Con,Stuart Anderson,0,0,0,0,0,0,0,0
E14001494,South Suffolk,4519,Con,James Cartlidge,0,0,3,12005.9,0,0,0,0
E14001495,South West Devon,5301,Con,Rebecca Smith,1,11964,0,0,7,2968,1,4500
E14001496,South West Hertfordshire,4804,Con,Mr Gagan Mohindra,0,0,1,3790.99,1,307.8,1,2750
E14001497,South West Norfolk,5338,Lab,Terry Jermy,0,0,0,0,0,0,0,0
E14001498,South West Wiltshire,1466,Con,Dr Andrew Murrison,1,17726.97,0,0,0,0,0,0
E14001499,Southampton Itchen,5270,Lab,Darren Paffey,0,0,0,0,0,0,0,0
E14001500,Southampton Test,5271,Lab,Satvir Kaur,0,0,0,0,0,0,0,0
E14001501,Southend East and Rochford,5097,Lab,Mr Bayo Alaba,0,0,0,0,0,0,0,0
E14001502,Southend West and Leigh,5106,Lab,David Burton-Sampson,0,0,0,0,1,474,0,0
E14001503,Southgate and Wood Green,4610,Lab,Bambos Charalambous,0,0,0,0,0,0,2,1715.41
E14001504,Southport,5052,Lab,Patrick Hurley,0,0,0,0,2,4680,0,0
E14001505,Spelthorne,5332,Con,Lincoln Jopp,0,0,0,0,0,0,1,4500
E14001506,Spen Valley,4923,Lab,Kim Leadbeater,0,0,1,744.36,2,980,0,0
E14001507,St Albans,4769,LD,Daisy Cooper,0,0,12,111643.97,3,2811.8,0,0
E14001508,St Austell and Newquay,5302,Lab,Noah Law,0,0,0,0,0,0,1,6967
E14001509,St Helens North,5092,Lab,David Baines,0,0,0,0,1,672,0,0
E14001510,St Helens South and Whiston,4457,Lab,Ms Marie Rimmer,0,0,0,0,0,0,0,0
E14001511,St Ives,227,LD,Andrew George,1,3061.32,0,0,0,0,1,2177.99
E14001512,St Neots and Mid Cambridgeshire,5096,LD,Ian Sollom,0,0,0,0,2,2700,0,0
E14001513,Stafford,5290,Lab,Leigh Ingham,0,0,1,2908.02,0,0,1,2994.17
E14001514,Staffordshire Moorlands,4110,Con,Dame Karen Bradley,1,750,0,0,2,6118,0,0
E14001515,Stalybridge and Hyde,4119,Lab,Jonathan Reynolds,0,0,1,3000,5,3670,0,0
E14001516,Stevenage,5051,Lab,Kevin Bonavia,0,0,0,0,0,0,0,0
E14001517,Stockport,4811,Lab,Navendu Mishra,0,0,1,1918.21,0,0,1,6736.37
E14001518,Stockton North,5116,Lab,Chris McDonald,1,6625,0,0,0,0,0,0
E14001519,Stockton West,4844,Con,Matt Vickers,1,0,0,0,1,494,3,10748.3
E14001520,Stoke-on-Trent Central,4595,Lab,Gareth Snell,0,0,1,10000,0,0,0,0
E14001521,Stoke-on-Trent North,5151,Lab,David Williams,0,0,0,0,0,0,0,0
E14001522,Stoke-on-Trent South,5334,Lab,Dr Allison Gardner,0,0,0,0,0,0,0,0
E14001523,"Stone, Great Wyrley and Penkridge",4108,Con,Sir Gavin Williamson,2,76000,0,0,1,760,2,10415.16
E14001524,Stourbridge,5293,Lab,Cat Eccles,0,0,0,0,0,0,1,2600
E14001525,Stratford and Bow,5278,Lab,Uma Kumaran,0,0,0,0,1,400,2,10137.33
E14001526,Stratford-on-Avon,5122,LD,Manuela Perteghella,1,0,0,0,0,0,0,0
E14001527,Streatham and Croydon North,4268,Lab,Steve Reed,0,0,0,0,2,988.72,0,0
E14001528,Stretford and Urmston,4979,Lab,Andrew Western,0,0,1,5000,1,700,0,0
E14001529,Stroud,5030,Lab,Dr Simon Opher,2,3450,0,0,1,1300,1,1050
E14001530,Suffolk Coastal,5160,Lab,Jenny Riddell-Carpenter,0,0,3,26500,1,390,0,0
E14001531,Sunderland Central,5028,Lab,Lewis Atkinson,0,0,0,0,0,0,0,0
E14001532,Surrey Heath,5288,LD,Dr Al Pinkerton,1,4106.21,0,0,0,0,2,1780.82
E14001533,Sussex Weald,4460,Con,Ms Nusrat Ghani,0,0,0,0,3,2875.78,0,0
E14001534,Sutton and Cheam,5103,LD,Luke Taylor,0,0,0,0,2,2692.86,0,0
E14001535,Sutton Coldfield,1211,Con,Sir Andrew Mitchell,2,22000,9,41500,0,0,5,19655.34
E14001536,Swindon North,5035,Lab,Will Stone,0,0,0,0,0,0,0,0
E14001537,Swindon South,4038,Lab,Heidi Alexander,0,0,0,0,0,0,0,0
E14001538,Tamworth,5001,Lab,Sarah Edwards,0,0,0,0,1,495,0,0
E14001539,Tatton,4084,Con,Esther McVey,3,24404.1,0,0,0,0,0,0
E14001540,Taunton and Wellington,5250,LD,Gideon Amos,0,0,0,0,0,0,1,808
E14001541,Telford,5041,Lab,Shaun Davies,0,0,5,20903.53,0,0,0,0
E14001542,Tewkesbury,5354,LD,Cameron Thomas,0,0,0,0,2,1904,2,780.44
E14001543,The Wrekin,1576,Con,Mark Pritchard,4,24999.96,0,0,0,0,2,6505
E14001544,Thirsk and Malton,4474,Con,Kevin Hollinrake,1,5000,0,0,4,4295.45,0,0
E14001545,Thornbury and Yate,5140,LD,Claire Young,0,0,1,5000,2,2692.86,0,0
E14001546,Thurrock,5056,Lab,Jen Craft,0,0,0,0,0,0,0,0
E14001547,Tipton and Wednesbury,5048,Lab,Antonia Bance,1,1500.67,0,0,1,900,0,0
E14001548,Tiverton and Minehead,5252,LD,Rachel Gilmour,1,6000,0,0,1,1675.85,1,768.04
E14001549,Tonbridge,4462,Con,Tom Tugendhat,7,49532.02,3,73000,0,0,15,77461.24
E14001550,Tooting,4573,Lab,Dr Rosena Allin-Khan,2,12677.11,3,13750,1,1000,3,9924.45
E14001551,Torbay,5066,LD,Steve Darling,0,0,1,2000,1,1552.86,0,0
E14001552,Torridge and Tavistock,1508,Con,Sir Geoffrey Cox,14,628320,0,0,0,0,0,0
E14001553,Tottenham,206,Lab,Mr David Lammy,0,0,0,0,1,750,0,0
E14001554,Truro and Falmouth,5279,Lab,Jayne Kirkham,0,0,0,0,0,0,0,0
E14001555,Tunbridge Wells,5219,LD,Mike Martin,1,2386.45,41,60534.2,1,1183.9,0,0
E14001556,Twickenham,4776,LD,Munira Wilson,0,0,17,100383.02,4,3936,0,0
E14001557,Tynemouth,529,Lab,Sir Alan Campbell,0,0,0,0,0,0,0,0
E14001558,Uxbridge and South Ruislip,5339,Lab,Danny Beales,0,0,0,0,1,700,0,0
E14001559,Vauxhall and Camberwell Green,4870,Lab,Florence Eshalomi,0,0,0,0,0,0,1,5957
E14001560,Wakefield and Rothwell,4943,Lab,Simon Lightwood,0,0,3,7950,0,0,0,0
E14001561,Wallasey,491,Lab,Dame Angela Eagle,0,0,0,0,0,0,0,0
E14001562,Walsall and Bloxwich,4076,Lab,Valerie Vaz,0,0,0,0,1,1050,0,0
E14001563,Walthamstow,4088,Lab,Ms Stella Creasy,1,793.68,0,0,0,0,0,0
E14001564,Warrington North,4799,Lab,Charlotte Nichols,0,0,0,0,1,700,2,5603.64
E14001565,Warrington South,5154,Lab,Sarah Hall,0,0,0,0,0,0,1,882.55
E14001566,Warwick and Leamington,4617,Lab,Matt Western,0,0,0,0,0,0,0,0
E14001567,Washington and Gateshead South,1521,Lab,Mrs Sharon Hodgson,0,0,0,0,3,1774,1,2500
E14001568,Watford,5130,Lab,Matt Turmaine,0,0,0,0,0,0,0,0
E14001569,Waveney Valley,5320,Green,Adrian Ramsay,0,0,0,0,0,0,0,0
E14001570,Weald of Kent,5285,Con,Katie Lam,0,0,2,12000,1,1356,0,0
E14001571,Wellingborough and Rushden,5011,Lab,Gen Kitchen,0,0,0,0,0,0,0,0
E14001572,Wells and Mendip Hills,4089,LD,Tessa Munt,1,15500,0,0,0,0,0,0
E14001573,Welwyn Hatfield,5061,Lab,Andrew Lewin,0,0,9,173136.46,0,0,0,0
E14001574,West Bromwich,5088,Lab,Sarah Coombes,0,0,1,10000,2,3580,2,6027.01
E14001575,West Dorset,5326,LD,Edward Morello,0,0,0,0,0,0,2,3114
E14001576,West Ham and Beckton,5211,Lab,James Asser,0,0,0,0,0,0,0,0
E14001577,West Lancashire,4981,Lab,Ashley Dalton,0,0,0,0,0,0,0,0
E14001578,West Suffolk,5062,Con,Nick Timothy,1,145000,2,15000,2,4524,0,0
E14001579,West Worcestershire,4107,Con,Dame Harriett Baldwin,1,760,0,0,5,2554.64,1,575
E14001580,Westmorland and Lonsdale,1591,LD,Tim Farron,0,0,8,119308.92,1,1102.5,0,0
E14001581,Weston-super-Mare,5172,Lab,Dan Aldridge,0,0,1,2908.02,0,0,0,0
E14001582,Wetherby and Easingwold,3997,Con,Sir Alec Shelbrooke,0,0,0,0,0,0,0,0
E14001583,Whitehaven and Workington,5033,Lab,Josh MacAlister,0,0,3,31900,0,0,0,0
E14001584,Widnes and Halewood,429,Lab,Derek Twigg,0,0,0,0,0,0,0,0
E14001585,Wigan,4082,Lab,Lisa Nandy,0,0,1,2000.04,0,0,0,0
E14001586,Wimbledon,5321,LD,Mr Paul Kohler,1,12014.04,0,0,7,6839.9,1,350
E14001587,Winchester,5304,LD,Dr Danny Chambers,0,0,1,2222.22,2,2615.85,0,0
E14001588,Windsor,5340,Con,Jack Rankin,0,0,5,44000,3,1325,1,4530
E14001589,Wirral West,5162,Lab,Matthew Patrick,0,0,0,0,2,875,0,0
E14001590,Witham,4066,Con,Priti Patel,0,0,0,0,9,9123,5,19336
E14001591,Witney,5325,LD,Charlie Maynard,0,0,3,37500,28,996648.2,0,0
E14001592,Woking,5322,LD,Mr Will Forster,2,5385,0,0,2,2952.86,1,1958
E14001593,Wokingham,5207,LD,Clive Jones,0,0,2,5000,1,983.9,0,0
E14001594,Wolverhampton North East,5152,Lab,Sureena Brackenridge,0,0,0,0,1,700,0,0
E14001595,Wolverhampton South East,1587,Lab,Pat McFadden,0,0,0,0,0,0,0,0
E14001596,Wolverhampton West,5230,Lab,Warinder Juss,1,0,0,0,5,2327,0,0
E14001597,Worcester,5087,Lab,Tom Collins,0,0,0,0,0,0,0,0
E14001598,Worsley and Eccles,5242,Lab,Michael Wheeler,0,0,0,0,1,386.4,0,0
E14001599,Worthing West,5307,Lab,Dr Beccy Cooper,0,0,1,10158.72,0,0,2,3187.09
E14001600,Wycombe,4077,Lab,Emma Reynolds,0,0,0,0,2,890,0,0
E14001601,Wyre Forest,4074,Con,Mark Garnier,5,72120,0,0,1,1400,4,17623.26
E14001602,Wythenshawe and Sale East,4316,Lab,Mike Kane,0,0,0,0,0,0,0,0
E14001603,Yeovil,5191,LD,Adam Dance,1,15500.04,1,2000,1,863.69,0,0
E14001604,York Central,4471,Lab,Rachael Maskell,0,0,1,25187,0,0,0,0
E14001605,York Outer,5199,Lab,Mr Luke Charters,0,0,0,0,1,322,2,2822.27
N05000001,Belfast East,4360,DUP,Gavin Robinson,0,0,0,0,1,1140,0,0
N05000002,Belfast North,4823,SF,John Finucane,1,56064,0,0,0,0,3,6224.56
N05000003,Belfast South and Mid Down,4827,SDLP,Claire Hanna,0,0,0,0,0,0,0,0
N05000004,Belfast West,4245,SF,Paul Maskey,0,0,0,0,0,0,1,1390.85
N05000005,East Antrim,1593,DUP,Sammy Wilson,0,0,0,0,0,0,1,3810
N05000006,East Londonderry,1409,DUP,Mr Gregory Campbell,0,0,0,0,1,750,0,0
N05000007,Fermanagh and South Tyrone,5261,SF,Pat Cullen,0,0,0,0,0,0,1,3369.51
N05000008,Foyle,4846,SDLP,Colum Eastwood,0,0,0,0,1,684,1,1260
N05000009,Lagan Valley,5125,APNI,Sorcha Eastwood,0,0,0,0,0,0,0,0
N05000010,Mid Ulster,5153,SF,Mr Cathal Mallaghan,0,0,0,0,0,0,0,0
N05000011,Newry and Armagh,5292,SF,Dáire Hughes,0,0,0,0,0,0,2,1800.09
N05000012,North Antrim,5356,TUV,Jim Allister,0,0,0,0,1,400,0,0
N05000013,North Down,5262,Ind,Alex Easton,0,0,0,0,0,0,0,0
N05000014,South Antrim,5319,UUP,Robin Swann,0,0,0,0,0,0,0,0
N05000015,South Down,4636,SF,Chris Hazzard,0,0,0,0,0,0,2,1850
N05000016,Strangford,4131,DUP,Jim Shannon,0,0,0,0,0,0,1,562
N05000017,Upper Bann,4857,DUP,Carla Lockhart,1,2500,0,0,0,0,0,0
N05000018,West Tyrone,4697,SF,Órfhlaith Begley,0,0,0,0,0,0,0,0
S14000021,East Renfrewshire,5076,Lab,Blair McDougall,0,0,0,0,0,0,0,0
S14000027,Na h-Eileanan an Iar,5246,Lab,Torcuil Crichton,0,0,0,0,0,0,0,0
S14000045,Midlothian,5114,Lab,Kirsty McNeill,0,0,0,0,0,0,0,0
S14000048,North Ayrshire and Arran,5145,Lab,Irene Campbell,0,0,0,0,0,0,0,0
S14000051,Orkney and Shetland,1442,LD,Mr Alistair Carmichael,1,750,0,0,0,0,0,0
S14000060,Aberdeen North,4357,SNP,Kirsty Blackman,0,0,0,0,0,0,0,0
S14000061,Aberdeen South,4735,SNP,Stephen Flynn,0,0,0,0,2,1804,0,0
S14000062,Aberdeenshire North and Moray East,5280,SNP,Seamus Logan,0,0,0,0,1,750,2,3590
S14000063,Airdrie and Shotts,5200,Lab,Kenneth Stevenson,0,0,0,0,1,531.82,0,0
S14000064,Alloa and Grangemouth,5196,Lab,Brian Leishman,0,0,0,0,0,0,0,0
S14000065,Angus and Perthshire Glens,4736,SNP,Dave Doogan,0,0,0,0,0,0,0,0
S14000066,Arbroath and Broughty Ferry,4434,SNP,Stephen Gethins,1,9498.6,0,0,0,0,3,4800.59
S14000067,"Argyll, Bute and South Lochaber",4371,SNP,Brendan O'Hara,0,0,0,0,1,625,3,5901.67
S14000068,Bathgate and Linlithgow,5179,Lab,Kirsteen Sullivan,0,0,0,0,0,0,0,0
S14000069,"Caithness, Sutherland and Easter Ross",4612,LD,Jamie Stone,0,0,0,0,0,0,0,0
S14000070,Coatbridge and Bellshill,5183,Lab,Frank McNally,0,0,0,0,0,0,0,0
S14000071,Cowdenbeath and Kirkcaldy,5240,Lab,Melanie Ward,0,0,0,0,2,2450,4,12366.1
S14000072,Cumbernauld and Kirkintilloch,5309,Lab,Katrina Murray,0,0,0,0,2,1140,1,1570
S14000073,Dumfries and Galloway,5358,Con,John Cooper,0,0,0,0,0,0,2,6725
S14000074,"Dumfriesshire, Clydesdale and Tweeddale",1512,Con,David Mundell,0,0,2,9500,1,399.47,3,5111
S14000075,Dundee Central,4403,SNP,Chris Law,0,0,0,0,0,0,2,3844.95
S14000076,Dunfermline and Dollar,5275,Lab,Graeme Downie,0,0,0,0,2,365,2,4101.62
S14000077,East Kilbride and Strathaven,5079,Lab,Joani Reid,0,0,0,0,0,0,0,0
S14000078,Edinburgh East and Musselburgh,5245,Lab,Chris Murray,0,0,3,26000,1,1574,1,435
S14000079,Edinburgh North and Leith,5188,Lab,Tracy Gilbert,0,0,0,0,0,0,1,1958
S14000080,Edinburgh South,3966,Lab,Ian Murray,0,0,0,0,0,0,0,0
S14000081,Edinburgh South West,5212,Lab,Dr Scott Arthur,0,0,0,0,0,0,1,25
S14000082,Edinburgh West,4634,LD,Christine Jardine,0,0,0,0,6,2682,1,900.94
S14000083,Falkirk,5110,Lab,Euan Stainbank,0,0,0,0,1,650,0,0
S14000084,Glasgow East,5170,Lab,John Grady,1,9761,0,0,0,0,1,7000
S14000085,Glasgow North,5251,Lab,Martin Rhodes,0,0,0,0,0,0,0,0
S14000086,Glasgow North East,5137,Lab,Maureen Burke,0,0,0,0,0,0,0,0
S14000087,Glasgow South,5189,Lab,Gordon McKee,0,0,1,3000,0,0,0,0
S14000088,Glasgow South West,5213,Lab,Dr Zubir Ahmed,2,37798,0,0,0,0,1,5700
S14000089,Glasgow West,5190,Lab,Patricia Ferguson,0,0,0,0,0,0,1,104.36
S14000090,Glenrothes and Mid Fife,5253,Lab,Richard Baker,0,0,0,0,0,0,1,768.04
S14000091,Gordon and Buchan,5311,Con,Harriet Cross,0,0,0,0,1,350,0,0
S14000092,Hamilton and Clyde Valley,5136,Lab,Imogen Walker,1,6800,2,3500,0,0,0,0
S14000093,Inverclyde and Renfrewshire West,5129,Lab,Martin McCluskey,0,0,0,0,0,0,0,0
S14000094,"Inverness, Skye and West Ross-shire",5362,LD,Mr Angus MacDonald,0,0,0,0,0,0,0,0
S14000095,Livingston,5167,Lab,Gregor Poynton,0,0,3,13500,1,900,0,0
S14000096,Lothian East,632,Lab,Mr Douglas Alexander,0,0,0,0,0,0,0,0
S14000097,Mid Dunbartonshire,5157,LD,Susan Murray,0,0,1,1552.86,0,0,0,0
S14000098,"Moray West, Nairn and Strathspey",5277,SNP,Graham Leadbitter,0,0,0,0,0,0,2,2708
S14000099,"Motherwell, Wishaw and Carluke",3909,Lab,Pamela Nash,0,0,0,0,0,0,0,0
S14000100,North East Fife,4765,LD,Wendy Chamberlain,0,0,3,29400,1,480,1,4214.8
S14000101,Paisley and Renfrewshire North,5093,Lab,Alison Taylor,0,0,0,0,0,0,0,0
S14000102,Paisley and Renfrewshire South,5063,Lab,Johanna Baxter,0,0,0,0,0,0,0,0
S14000103,Perth and Kinross-shire,1440,SNP,Pete Wishart,2,2150.07,0,0,3,1899.9,0,0
S14000104,Rutherglen,4998,Lab,Michael Shanks,0,0,0,0,0,0,0,0
S14000105,Stirling and Strathallan,5155,Lab,Chris Kane,0,0,0,0,1,860,1,647.52
S14000106,West Dunbartonshire,5057,Lab,Douglas McAllister,0,0,0,0,0,0,0,0
S14000107,"Ayr, Carrick and Cumnock",5206,Lab,Elaine Stewart,0,0,0,0,0,0,0,0
S14000108,"Berwickshire, Roxburgh and Selkirk",4608,Con,John Lamont,0,0,4,22500,0,0,1,3200
S14000109,Central Ayrshire,5185,Lab,Alan Gemmell,0,0,0,0,4,2670,3,5067.12
S14000110,Kilmarnock and Loudoun,5043,Lab,Lillian Jones,0,0,0,0,0,0,0,0
S14000111,West Aberdeenshire and Kincardine,4601,Con,Andrew Bowie,0,0,0,0,1,350,3,5821.29
W07000081,Aberafan Maesteg,4359,Lab,Stephen Kinnock,0,0,0,0,2,1210.9,1,12873.52
W07000082,Alyn and Deeside,1383,Lab,Sir Mark Tami,0,0,0,0,0,0,0,0
W07000083,Bangor Aberconwy,5113,Lab,Claire Hughes,0,0,0,0,1,700,0,0
W07000084,Blaenau Gwent and Rhymney,3928,Lab,Nick Smith,0,0,0,0,0,0,0,0
W07000085,"Brecon, Radnor and Cwm Tawe",5284,LD,David Chadwick,0,0,3,9450,4,3382.8,0,0
W07000086,Bridgend,4572,Lab,Chris Elmore,0,0,0,0,0,0,0,0
W07000087,Caerfyrddin,5177,PC,Ann Davies,1,0,0,0,0,0,0,0
W07000088,Caerphilly,4040,Lab,Chris Evans,2,6100,0,0,1,550,1,1031.55
W07000089,Cardiff East,4425,Lab,Jo Stevens,0,0,0,0,0,0,0,0
W07000090,Cardiff North,4632,Lab,Anna McMorrin,0,0,0,0,0,0,0,0
W07000091,Cardiff South and Penarth,4264,Lab,Stephen Doughty,0,0,0,0,0,0,0,0
W07000092,Cardiff West,5175,Lab,Mr Alex Barros-Curtis,0,0,0,0,0,0,0,0
W07000093,Ceredigion Preseli,4630,PC,Ben Lake,0,0,0,0,0,0,0,0
W07000094,Clwyd East,5181,Lab,Becky Gittins,0,0,0,0,0,0,0,0
W07000095,Clwyd North,5104,Lab,Gill German,0,0,0,0,0,0,0,0
W07000096,Dwyfor Meirionnydd,4521,PC,Liz Saville Roberts,0,0,10,47250,1,388.8,1,1788.62
W07000097,Gower,4623,Lab,Tonia Antoniazzi,0,0,0,0,7,6345.4,1,1723.06
W07000098,Llanelli,1541,Lab,Dame Nia Griffith,0,0,0,0,0,0,1,768.04
W07000099,Merthyr Tydfil and Aberdare,4501,Lab,Gerald Jones,0,0,0,0,0,0,0,0
W07000100,Mid and South Pembrokeshire,5121,Lab,Henry Tufnell,0,0,0,0,0,0,0,0
W07000101,Monmouthshire,5291,Lab,Catherine Fookes,0,0,0,0,0,0,0,0
W07000102,Montgomeryshire and Glyndŵr,5221,Lab,Steve Witherden,0,0,0,0,0,0,0,0
W07000103,Neath and Swansea East,4480,Lab,Carolyn Harris,1,2700,0,0,0,0,0,0
W07000104,Newport East,1548,Lab,Jessica Morden,0,0,0,0,0,0,0,0
W07000105,Newport West and Islwyn,4716,Lab,Ruth Jones,0,0,1,1660.08,1,468,0,0
W07000106,Pontypridd,4849,Lab,Alex Davies-Jones,0,0,0,0,1,390,0,0
W07000107,Rhondda and Ogmore,1446,Lab,Chris Bryant,2,69501.08,0,0,2,708.3,0,0
W07000108,Swansea West,5069,Lab,Torsten Bell,1,10865,0,0,1,447.65,0,0
W07000109,Torfaen,4479,Lab,Nick Thomas-Symonds,1,2088.57,0,0,2,700,0,0
W07000110,Vale of Glamorgan,5039,Lab,Kanishka Narayan,0,0,2,14000,1,1356,0,0
W07000111,Wrexham,5046,Lab,Andrew Ranger,1,0,0,0,0,0,0,0
W07000112,Ynys Môn,5085,PC,Llinos Medi,1,1530.67,0,0,0,0,0,0
